{"cameraMode":{"drawMode":0,"name":"Shaded","section":"Shading Mode"},"sceneLighting":true,"audioPlay":false,"sceneViewState":{"m_AlwaysRefresh":true,"showFog":true,"showSkybox":true,"showFlares":true,"showImageEffects":true,"showParticleSystems":true,"showVisualEffectGraphs":true,"m_FxEnabled":true},"in2DMode":false,"pivot":{"x":1783.9801025390625,"y":947.5961303710938,"z":-131.0261688232422},"rotation":{"x":0.000931589980609715,"y":0.9938152432441711,"z":-0.11076647788286209,"w":0.008344018831849099},"size":201.73428344726563,"orthographic":false}